trajectory,method,N_waypoints,cross_track_rms,cross_track_max,wp_error_mean,total_saturation_rate,actuator_smoothness,waypoints_reached,steps
s_curve,uniform_N5,5,21312.80895339207,21326.220465290007,58053.72915328042,0.5,986.0,0,2
s_curve,uniform_N10,10,21272.929219394777,21281.834098499636,57700.527166203436,0.5,987.0,0,2
s_curve,uniform_N20,20,21358.995516011317,21389.310201530192,57672.14728770197,0.0,1650.0,0,2
s_curve,uniform_N40,40,17616.65022074434,23311.884024726613,40460.289040131276,0.2048611111111111,173342.0,1,576
s_curve,uniform_N80,80,21395.18006120961,21395.18006120961,57652.72420965652,nan,nan,0,1
s_curve,curvature_N5,5,16155.813267725682,25336.863286848165,40202.329805210145,0.10256410256410256,107923.0,1,351
s_curve,curvature_N10,10,21381.058097721987,21381.058097721987,57490.973745743955,nan,nan,0,1
s_curve,curvature_N20,20,15133.61449797616,24589.029761634465,40392.80512540686,0.009708737864077669,77197.0,1,309
s_curve,curvature_N40,40,14526.713170616804,24605.7184599597,38858.4376644923,0.008771929824561403,100727.0,1,342
s_curve,curvature_N80,80,33162.30016411842,50942.53763848385,24942.911070638263,0.0775,653492.0,20,2000
s_curve,rdp_eps50,50,21290.285810917554,21300.669052533893,57311.453761860306,0.5,1130.0,0,2
s_curve,rdp_eps100,30,21222.919196651736,21232.11244014699,57534.46917299504,0.0,1721.0,0,2
s_curve,rdp_eps200,26,21415.65948484426,21415.65948484426,57148.00818040784,nan,nan,0,1
s_curve,rdp_eps500,14,21223.39845733073,21230.725259420342,57615.51891995642,0.6666666666666666,2615.0,0,3
s_curve,dp_no_bandwidth,198,21303.22504513056,21317.49091809128,57370.32865090732,0.5,2506.0,0,2
s_curve,dp_with_bandwidth,90,21224.95689822144,21234.779598801073,57625.907523803195,0.25,2317.0,0,4
s_curve_long,uniform_N5,5,21312.80895339207,21326.220465290007,97300.895558885,0.5,986.0,0,2
s_curve_long,uniform_N10,10,21272.929219394777,21281.834098499636,97047.85434149804,0.5,987.0,0,2
s_curve_long,uniform_N20,20,21358.995516011317,21389.310201530192,96948.02089470325,0.0,1650.0,0,2
s_curve_long,uniform_N40,40,9455.412791536779,23311.884024726613,32059.95890489508,0.124,518972.0,15,2000
s_curve_long,uniform_N80,80,21395.18006120961,21395.18006120961,96890.3939232902,nan,nan,0,1
s_curve_long,curvature_N5,5,16155.813267725682,25336.863286848165,80201.97818255174,0.10256410256410256,107923.0,1,351
s_curve_long,curvature_N10,10,21381.058097721987,21381.058097721987,96834.47397537557,nan,nan,0,1
s_curve_long,curvature_N20,20,15133.61449797616,24589.029761634465,80239.86315915939,0.009708737864077669,77197.0,1,309
s_curve_long,curvature_N40,40,15083.699263248707,24605.7184599597,79994.23793711037,0.00946372239747634,90604.0,1,317
s_curve_long,curvature_N80,80,33162.318419740775,50942.53763848385,63608.48698840292,0.078,624408.0,10,2000
s_curve_long,rdp_eps50,94,21290.285810917554,21300.669052533893,95945.4442124651,0.5,1130.0,0,2
s_curve_long,rdp_eps100,58,21222.919196651736,21232.11244014699,96905.55712083183,0.0,1721.0,0,2
s_curve_long,rdp_eps200,46,21415.65948484426,21415.65948484426,95016.07175260657,nan,nan,0,1
s_curve_long,rdp_eps500,26,21223.39845733073,21230.725259420342,96952.1960238941,0.6666666666666666,2615.0,0,3
s_curve_long,dp_no_bandwidth,394,21303.22504513056,21317.49091809128,96605.03352711862,0.5,2506.0,0,2
s_curve_long,dp_with_bandwidth,178,21224.95689822144,21234.779598801073,96848.33178338237,0.25,2317.0,0,4
circle,uniform_N5,5,16347.489856095463,16360.868246834283,20896.790475615267,0.5,1130.0,0,2
circle,uniform_N10,10,16294.064884805608,16302.968841661255,21207.642930738362,0.5,1130.0,0,2
circle,uniform_N20,20,16394.245265839825,16424.41588636282,21452.91011495622,0.0,1650.0,0,2
circle,uniform_N40,40,14602.732812724407,19363.120502091573,10962.461168802425,0.0,523928.0,0,2000
circle,uniform_N80,80,16450.655315448596,16450.655315448596,21650.19399323591,nan,nan,0,1
circle,curvature_N5,5,13534.805282988316,21326.67277548353,4853.907745266707,0.031545741324921134,98698.0,1,317
circle,curvature_N10,10,16432.28455919258,16432.28455919258,21346.436239303293,nan,nan,0,1
circle,curvature_N20,20,12395.737330848226,20432.589534238225,6028.650255854845,0.17142857142857143,80612.0,0,280
circle,curvature_N40,40,12417.481786345832,20452.670030754354,6187.485304795655,0.15087719298245614,70874.0,1,285
circle,curvature_N80,80,27721.453100351773,39350.15341502117,4372.195830483033,0.0895123580494322,471084.0,2,1497
circle,rdp_eps50,2,16317.170738435518,16327.54827099559,18100.897083723212,0.5,1130.0,0,2
circle,rdp_eps100,2,16223.125279330863,16232.290578271422,18028.366531224427,0.0,2281.0,0,2
circle,rdp_eps200,2,16477.281378519812,16477.281378519812,18265.554225667496,nan,nan,0,1
circle,rdp_eps500,2,16224.30281374332,16231.592858964555,18025.373264220972,0.6666666666666666,2697.0,0,3
circle,dp_no_bandwidth,2,16335.249983463762,16349.487744238964,18111.485627319005,0.5,2539.0,0,2
circle,dp_with_bandwidth,2,16225.518386645312,16235.319282552708,18026.07601957074,0.25,2389.0,0,4
figure_eight,uniform_N5,5,17700.65822416303,17715.596940262327,20847.742129496553,0.5,1130.0,0,2
figure_eight,uniform_N10,10,17651.587225090738,17662.139117664636,21106.844023541504,0.5,1130.0,0,2
figure_eight,uniform_N20,20,17747.557640106264,17776.560993437713,21298.552721365588,0.0,1650.0,0,2
figure_eight,uniform_N40,40,15997.531968604799,20648.68659133902,9120.58923448856,0.0,555656.0,0,2000
figure_eight,uniform_N80,80,17798.551218210392,17798.551218210392,21465.5933894486,nan,nan,0,1
figure_eight,curvature_N5,5,14489.683623460327,22382.83576386406,4216.047492883009,0.022508038585209004,95966.0,0,311
figure_eight,curvature_N10,10,17781.573074220414,17781.573074220414,21124.371953782385,nan,nan,0,1
figure_eight,curvature_N20,20,13143.039207627391,21532.651491031545,4468.562878070341,0.11188811188811189,65394.0,1,286
figure_eight,curvature_N40,40,13057.464248123972,21551.70704483705,4351.53344478044,0.07457627118644068,81187.0,1,295
figure_eight,curvature_N80,80,33657.89436258854,48871.28269606955,3527.9023625312884,0.07964601769911504,539687.0,3,1695
figure_eight,rdp_eps50,2,17672.925384386002,17684.829592089733,18672.996217413514,0.5,1130.0,0,2
figure_eight,rdp_eps100,2,17587.335113236175,17594.658773920277,18601.66658620063,0.0,2281.0,0,2
figure_eight,rdp_eps200,2,17823.163770399387,17823.163770399387,18831.634851249633,nan,nan,0,1
figure_eight,rdp_eps500,2,17586.76504164084,17590.690147369976,18603.226034234583,0.6666666666666666,2696.0,0,3
figure_eight,dp_no_bandwidth,2,17689.053648119352,17705.08725362803,18683.26228651066,0.5,2419.0,0,2
figure_eight,dp_with_bandwidth,2,17587.571156472197,17593.479485787408,18603.04940290812,0.25,2389.0,0,4
climbing_turn,uniform_N5,5,16672.276749483462,16685.299360592395,21046.388446524426,0.5,1130.0,0,2
climbing_turn,uniform_N10,10,16568.841100421734,16577.495551954646,21331.60662409014,0.5,1130.0,0,2
climbing_turn,uniform_N20,20,16250.427654807585,16280.8685991753,21376.823837917014,0.0,1650.0,0,2
climbing_turn,uniform_N40,40,13649.561861749624,18396.2418171722,10085.300593895254,0.0,523928.0,0,2000
climbing_turn,uniform_N80,80,16834.903756240277,16834.903756240277,21824.560390948005,nan,nan,0,1
climbing_turn,curvature_N5,5,12556.761991940859,20230.160136817656,5109.290486061046,0.031545741324921134,98705.0,1,317
climbing_turn,curvature_N10,10,16805.448811038004,16805.448811038004,21517.1440784056,nan,nan,0,1
climbing_turn,curvature_N20,20,11477.227998136901,19414.456425212116,6000.337840736444,0.17142857142857143,80612.0,0,280
climbing_turn,curvature_N40,40,11498.805058487433,19432.603950889927,6143.728738491071,0.15087719298245614,70850.0,1,285
climbing_turn,curvature_N80,80,27211.844143760452,38863.932720114826,4151.276010760198,0.0895123580494322,470729.0,2,1497
climbing_turn,rdp_eps50,33,16614.77358095895,16624.870243956175,21609.14641428274,0.5,1130.0,0,2
climbing_turn,rdp_eps100,20,16301.32058752795,16310.555507738056,21142.716812728722,0.0,2281.0,0,2
climbing_turn,rdp_eps200,17,16876.79496937262,16876.79496937262,21702.434905807946,nan,nan,0,1
climbing_turn,rdp_eps500,9,16355.626861430927,16363.024562713406,21186.03078184104,0.6666666666666666,2697.0,0,3
climbing_turn,dp_no_bandwidth,500,16651.20032773816,16665.06204931073,21720.42223187805,0.5,2539.0,0,2
climbing_turn,dp_with_bandwidth,2,16348.671979682118,16358.487214211587,18096.271010427867,0.25,2389.0,0,4
slalom,uniform_N5,5,20337.999291652322,20354.525470667537,33919.549432335276,0.5,986.0,0,2
slalom,uniform_N10,10,20295.774557039796,20308.015422437536,33934.816140396615,0.5,987.0,0,2
slalom,uniform_N20,20,20384.749821287165,20412.40394324822,33924.557821715855,0.0,1650.0,0,2
slalom,uniform_N40,40,17077.121544828227,22916.35920539162,13964.239255743387,0.19732441471571907,179823.0,1,598
slalom,uniform_N80,80,20426.76571690879,20426.76571690879,33949.95915354679,nan,nan,0,1
slalom,curvature_N5,5,15372.641082086262,24524.593146846157,15348.983363343632,0.10256410256410256,107872.0,1,351
slalom,curvature_N10,10,20411.973769825934,20411.973769825934,34055.819164601984,nan,nan,0,1
slalom,curvature_N20,20,14407.579214023326,23751.198125998708,15207.574199326005,0.009523809523809525,81899.0,1,315
slalom,curvature_N40,40,14335.348605046238,23768.475103226552,15026.795299547914,0.009259259259259259,96484.0,1,324
slalom,curvature_N80,80,33117.21096854874,50942.53763848385,13969.92977629634,0.0895,636413.0,1,2000
slalom,rdp_eps50,61,20314.292952620337,20327.752701355705,34898.572155983406,0.5,1130.0,0,2
slalom,rdp_eps100,51,20241.996748536396,20247.366178084594,33517.81044203844,0.0,1721.0,0,2
slalom,rdp_eps200,32,20448.215055908888,20448.215055908888,33914.448902942626,nan,nan,0,1
slalom,rdp_eps500,12,20239.52195065619,20239.9736904352,33845.62519577591,0.6666666666666666,2615.0,0,3
slalom,dp_no_bandwidth,462,20327.536961521433,20345.379004697927,33831.025103124666,0.5,2506.0,0,2
slalom,dp_with_bandwidth,2,20239.954930704065,20241.848347811076,34307.21501232436,0.25,2317.0,0,4
